{"1077804816": {"XAUUSD": 3018.3424866917962, "BTCUSD": 86430, "GBPJPY": 195.30827620945075}}